<?xml version="1.0"?>
<!DOCTYPE hibernate-mapping PUBLIC "-//Hibernate/Hibernate Mapping DTD 3.0//EN"
"http://www.hibernate.org/dtd/hibernate-mapping-3.0.dtd">
<!-- Generated Oct 30, 2016 10:11:49 PM by Hibernate Tools 4.3.1 -->
<hibernate-mapping>
    <class name="stadium.Stadium" table="stadium" catalog="reservation" optimistic-lock="version">
        <id name="staduimId" type="java.lang.Integer">
            <column name="StaduimID" />
            <generator class="identity" />
        </id>
        <property name="type" type="string">
            <column name="Type" length="50" not-null="true" />
        </property>
        <property name="status" type="string">
            <column name="Status" length="65535" not-null="true" />
        </property>
        <property name="pricePhour" type="int">
            <column name="PricePHour" not-null="true" />
        </property>
        <property name="timeF" type="time">
            <column name="timeF" length="8" not-null="true" />
        </property>
        <property name="timeT" type="time">
            <column name="timeT" length="8" not-null="true" />
        </property>
    </class>
</hibernate-mapping>
